<?xml version="1.0" encoding="UTF-8"?>
<project-private xmlns="http://www.netbeans.org/ns/project-private/1">
    <editor-bookmarks xmlns="http://www.netbeans.org/ns/editor-bookmarks/2" lastBookmarkId="0"/>
    <open-files xmlns="http://www.netbeans.org/ns/projectui-open-files/2">
        <group>
            <file>file:/C:/wamp64/www/csec/views/lookup/index.php</file>
            <file>file:/C:/wamp64/www/csec/views/layouts/main.php</file>
            <file>file:/C:/wamp64/www/csec/views/site/index.php</file>
            <file>file:/C:/wamp64/www/csec/views/beneficiary/typeservice.php</file>
            <file>file:/C:/wamp64/www/csec/config/db.php</file>
            <file>file:/C:/wamp64/www/csec/controllers/SiteController.php</file>
            <file>file:/C:/wamp64/www/csec/views/beneficiary/index.php</file>
            <file>file:/C:/wamp64/www/csec/views/user/index.php</file>
            <file>file:/C:/wamp64/www/csec/controllers/BeneficiaryController.php</file>
            <file>file:/C:/wamp64/www/csec/models/User.php</file>
            <file>file:/C:/wamp64/www/csec/views/beneficiary/generalinfo.php</file>
            <file>file:/C:/wamp64/www/csec/models/Beneficiary.php</file>
            <file>file:/C:/wamp64/www/csec/views/beneficiary/_form.php</file>
        </group>
    </open-files>
</project-private>
